{
  "BookAPI" : {
    "transaction" : "BookAPI",
    "sampleCount" : 2500,
    "errorCount" : 0,
    "errorPct" : 0.0,
    "meanResTime" : 602.734000000001,
    "medianResTime" : 588.0,
    "minResTime" : 560.0,
    "maxResTime" : 3767.0,
    "pct1ResTime" : 601.0,
    "pct2ResTime" : 611.0,
    "pct3ResTime" : 877.8299999999963,
    "throughput" : 2.777666671110933,
    "receivedKBytesPerSec" : 12.917235046709244,
    "sentKBytesPerSec" : 0.355346029214387
  },
  "Total" : {
    "transaction" : "Total",
    "sampleCount" : 2500,
    "errorCount" : 0,
    "errorPct" : 0.0,
    "meanResTime" : 602.734000000001,
    "medianResTime" : 588.0,
    "minResTime" : 560.0,
    "maxResTime" : 3767.0,
    "pct1ResTime" : 601.0,
    "pct2ResTime" : 611.0,
    "pct3ResTime" : 877.8299999999963,
    "throughput" : 2.777666671110933,
    "receivedKBytesPerSec" : 12.917235046709244,
    "sentKBytesPerSec" : 0.355346029214387
  }
}